INSERT INTO `cycles` (`id`, `year`, `name`, `start_date`, `end_date`, `is_active`, `is_locked`, `created_at`, `updated_at`) VALUES (1,'2025','1','2026-03-16','2026-11-26',1,0,'2026-03-15 12:50:38','2026-04-15 19:40:04');
INSERT INTO `faculties` (`id`, `users_id`, `fakultas`, `nidn`, `nik_nip`, `telpon`, `created_at`, `updated_at`) VALUES (1,3,'Fakultas Teknik','1234567','1234568','08980864903','2026-03-15 12:53:30','2026-03-15 12:53:30');
INSERT INTO `faculties` (`id`, `users_id`, `fakultas`, `nidn`, `nik_nip`, `telpon`, `created_at`, `updated_at`) VALUES (2,4,'Fakultas Ekonomi','1234568','1234567','08980864904','2026-03-15 12:54:06','2026-03-15 12:54:06');
INSERT INTO `prodis` (`id`, `faculties_id`, `programstudi`, `jenjang`, `nidn`, `nik_nip`, `telpon`, `users_id`, `created_at`, `updated_at`) VALUES (1,1,'Teknik Informatika','sarjana','1234567','1234568','08980864903',5,'2026-03-15 12:55:02','2026-03-15 12:55:02');
INSERT INTO `prodis` (`id`, `faculties_id`, `programstudi`, `jenjang`, `nidn`, `nik_nip`, `telpon`, `users_id`, `created_at`, `updated_at`) VALUES (3,2,'Manajemen','sarjana','1111111111','111111111111','089808649032',9,'2026-03-15 13:07:06','2026-03-15 13:07:06');
INSERT INTO `prodis` (`id`, `faculties_id`, `programstudi`, `jenjang`, `nidn`, `nik_nip`, `telpon`, `users_id`, `created_at`, `updated_at`) VALUES (4,1,'Teknik Mesin','sarjana','2222221111','2222221111','0898086491111',13,'2026-04-12 15:46:23','2026-04-12 15:46:23');
INSERT INTO `users` (`id`, `name`, `email`, `email_verified_at`, `password`, `remember_token`, `created_at`, `updated_at`) VALUES (1,'Super Admin','superadmin@gmail.com',NULL,'$2y$12$vu4JaNVlNFq2ZgO2pveUX.Mtd55DRDVIuJ360RgYVtU00PZ3g3Ugu',NULL,'2025-09-02 06:45:07','2025-09-02 06:45:07');
INSERT INTO `users` (`id`, `name`, `email`, `email_verified_at`, `password`, `remember_token`, `created_at`, `updated_at`) VALUES (2,'Ketua LPM','lpm@gmail.com','2025-09-02 06:45:12','$2y$12$xRnVHH/jn7sy/Q92PmMoC.1g/dIgvOWbEDOrmpL2pu9N/Zj.KvlV.','YoMSmsH1rv','2025-09-02 06:45:12','2025-09-02 06:45:12');
INSERT INTO `users` (`id`, `name`, `email`, `email_verified_at`, `password`, `remember_token`, `created_at`, `updated_at`) VALUES (3,'Fakultas Teknik','fakultasteknik@gmail.com',NULL,'$2y$12$6iyIWj4l710tus8XnFXBm.NRmnc5LNPKPlui7X3y6x1p4HVS4zDzK',NULL,'2026-03-15 12:53:30','2026-03-16 01:07:50');
INSERT INTO `users` (`id`, `name`, `email`, `email_verified_at`, `password`, `remember_token`, `created_at`, `updated_at`) VALUES (4,'Fakultas Ekonomi','fakultasekonomi@gmail.com',NULL,'$2y$12$aaNrivXkxCe6wWRlWmMqSeiYswaVyxcr13SP8ZWkWxsymdwK9mYzy',NULL,'2026-03-15 12:54:06','2026-03-15 13:54:06');
INSERT INTO `users` (`id`, `name`, `email`, `email_verified_at`, `password`, `remember_token`, `created_at`, `updated_at`) VALUES (5,'Kaprodi Informatika','teknikinformatika@gmail.com',NULL,'$2y$12$OKdgxDazIVYytLvbMiYFvepQychk4G7wcLD7DSmwu77j9OdMo7Q0a',NULL,'2026-03-15 12:55:02','2026-03-15 13:09:46');
INSERT INTO `users` (`id`, `name`, `email`, `email_verified_at`, `password`, `remember_token`, `created_at`, `updated_at`) VALUES (9,'Kaprodi Manajemen','manajemen@gmail.com',NULL,'$2y$12$aFd/vAPlOwhm8wkp9363duTlvvIq0rLemGuyu82Vwr2tcn78dKBAK',NULL,'2026-03-15 13:07:06','2026-03-15 13:10:05');
INSERT INTO `users` (`id`, `name`, `email`, `email_verified_at`, `password`, `remember_token`, `created_at`, `updated_at`) VALUES (12,'Muhammad Dhiya Ulhaq','auditor@gmail.com',NULL,'$2y$12$1AlLUe9ripV5mi7wf1RO/.Vvj6a4S1U0v3EmQv2w9KFvUadApywTi',NULL,'2026-03-16 01:03:53','2026-03-18 11:25:56');
INSERT INTO `users` (`id`, `name`, `email`, `email_verified_at`, `password`, `remember_token`, `created_at`, `updated_at`) VALUES (13,'Kaprodi Teknik Mesin','teknikmesin@gmail.com',NULL,'$2y$12$5rBJHz3AwHl9Enrz3zn1Yu.lLipAT.UznYUu3K9lVd7PPEQFnIn3u',NULL,'2026-04-12 15:46:22','2026-04-12 15:48:21');
INSERT INTO `auditors` (`id`, `faculties_id`, `prodis_id`, `users_id`, `nidn`, `nik_nip`, `telpon`, `created_at`, `updated_at`) VALUES (3,1,1,12,'111111212','111111212','0898086490521','2026-03-16 01:03:53','2026-03-16 01:03:53');
INSERT INTO `standards` (`id`, `nomor`, `deskriptor`, `keywords`, `cycles_id`, `created_at`, `updated_at`) VALUES (1,'1','<p>Konsistensi dengan hasil analisis SWOT dan/atau analisis lain serta&nbsp;<br>rencana pengembangan ke depan.</p>','kondisi eksternal UPPS',1,'2026-03-15 12:51:12','2026-03-17 12:13:21');
INSERT INTO `standards` (`id`, `nomor`, `deskriptor`, `keywords`, `cycles_id`, `created_at`, `updated_at`) VALUES (2,'2','<p>Keserbacakupan informasi dalam profil dan konsistensi antara profil&nbsp;<br>dengan data dan informasi yang disampaikan pada masing-masing&nbsp;<br>kriteria, serta menunjukkan iklim yang kondusif untuk pengembangan&nbsp;<br>dan reputasi sebagai rujukan di bidang keilmuannya.</p>','Profil UPPS',1,'2026-03-15 13:42:01','2026-03-17 12:13:43');
INSERT INTO `standards` (`id`, `nomor`, `deskriptor`, `keywords`, `cycles_id`, `created_at`, `updated_at`) VALUES (3,'3','<p>&nbsp;Kesesuaian Visi, Misi, Tujuan dan Strategi (VMTS) Unit Pengelola Program Studi (UPPS) terhadap VMTS Perguruan Tinggi (PT) dan visi keilmuan Program Studi (PS) yang dikelolanya.&nbsp;</p>','Kesesuain VMTS',1,'2026-04-12 04:38:22','2026-04-12 04:38:22');
INSERT INTO `standards` (`id`, `nomor`, `deskriptor`, `keywords`, `cycles_id`, `created_at`, `updated_at`) VALUES (4,'4','<p> Mekanisme dan keterlibatan pemangku kepentingan dalam penyusunan VMTS UPPS. </p>','Mekanisme penyusunan  VMTS',1,'2026-04-12 04:38:55','2026-04-12 04:38:58');
INSERT INTO `standards` (`id`, `nomor`, `deskriptor`, `keywords`, `cycles_id`, `created_at`, `updated_at`) VALUES (5,'5','<p>&nbsp;Strategi pencapaian tujuan disusun berdasarkan analisis yang sistematis, serta pada pelaksanaannya dilakukan pemantauan dan evaluasi yang ditindaklanjuti.&nbsp;</p>','Strategi pencapaian',1,'2026-04-12 04:39:46','2026-04-12 04:39:46');
INSERT INTO `standards` (`id`, `nomor`, `deskriptor`, `keywords`, `cycles_id`, `created_at`, `updated_at`) VALUES (6,'6A','<p>&nbsp;A. Kelengkapan struktur organisasi dan keefektifan penyelenggaraan organisasi.&nbsp;</p>','kelengkapan struktur  organisasi',1,'2026-04-12 04:40:11','2026-04-12 04:40:11');
INSERT INTO `standards` (`id`, `nomor`, `deskriptor`, `keywords`, `cycles_id`, `created_at`, `updated_at`) VALUES (9,'6B','<p>B. Perwujudan good governance dan pemenuhan lima pilar sistem tata pamong, yang mencakup:&nbsp;</p><p>1) perencanaan,</p><p>2) pengorganisasian,&nbsp;</p><p>3) penempatan personel,&nbsp;</p><p>4) pelaksanaan,&nbsp;</p><p>5) pengendalian dan pengawasan, dan&nbsp;</p><p>6) pelaporan yang menjadi dasar tindak lanjut.&nbsp;</p>','Perwujudan good  governance',1,'2026-04-12 08:08:59','2026-04-12 08:20:34');
INSERT INTO `standards` (`id`, `nomor`, `deskriptor`, `keywords`, `cycles_id`, `created_at`, `updated_at`) VALUES (10,'7A','<p>&nbsp;A. Komitmen pimpinan UPPS.&nbsp;</p>','Komitmen pimpinan UPPS',1,'2026-04-12 08:22:10','2026-04-12 12:40:40');
INSERT INTO `standards` (`id`, `nomor`, `deskriptor`, `keywords`, `cycles_id`, `created_at`, `updated_at`) VALUES (12,'7B','<p>&nbsp;B. Kapabilitas pimpinan UPPS, mencakup aspek:&nbsp;</p><p>1) perencanaan,&nbsp;</p><p>2) pengorganisasian,&nbsp;</p><p>3) penempatan personel,&nbsp;</p><p>4) pelaksanaan,&nbsp;</p><p>5) pengendalian dan pengawasan, dan&nbsp;</p><p>6) pelaporan yang menjadi dasar tindak lanjut.&nbsp;</p>','Kapabilitas pimpinan UPPS',1,'2026-04-12 12:41:24','2026-04-12 12:41:24');
INSERT INTO `standards` (`id`, `nomor`, `deskriptor`, `keywords`, `cycles_id`, `created_at`, `updated_at`) VALUES (13,'8','<p>Mutu, manfaat, kepuasan dan keberlanjutan kerjasama pendidikan, penelitian dan PkM yang relevan dengan program studi.&nbsp;</p><p>UPPS memiliki bukti yang sahih terkait kerjasama yang ada telah memenuhi 3 aspek berikut:&nbsp;</p><p>1) memberikan manfaat bagi program studi dalam pemenuhan proses pembelajaran, penelitian, PkM.&nbsp;</p><p>2) memberikan peningkatan kinerja tridharma dan fasilitas pendukung program studi.&nbsp;</p><p>3) memberikan kepuasan kepada mitra industri dan mitra kerjasama lainnya, serta menjamin keberlanjutan kerjasama dan hasilnya&nbsp;</p>','Keberlanjutan kerjasama',1,'2026-04-15 15:38:50','2026-04-15 16:24:39');
INSERT INTO `standards` (`id`, `nomor`, `deskriptor`, `keywords`, `cycles_id`, `created_at`, `updated_at`) VALUES (14,'9A','<p>&nbsp;A. Kerjasama pendidikan, penelitian, dan PkM yang relevan dengan program studi dan dikelola oleh UPPS dalam 3 tahun terakhir.&nbsp;</p>','Jumlah kerjasama',1,'2026-04-15 17:24:35','2026-04-15 17:24:35');
INSERT INTO `standards` (`id`, `nomor`, `deskriptor`, `keywords`, `cycles_id`, `created_at`, `updated_at`) VALUES (15,'9B','<p>&nbsp;B. Kerjasama tingkat internasional, nasional, wilayah/lokal yang relevan dengan program studi dan dikelola oleh UPPS dalam 3 tahun terakhir.&nbsp;</p>','tingkat kerjasama',1,'2026-04-15 17:24:53','2026-04-15 17:24:53');
INSERT INTO `standards` (`id`, `nomor`, `deskriptor`, `keywords`, `cycles_id`, `created_at`, `updated_at`) VALUES (16,'10','<p>Pelampauan SN-DIKTI yang ditetapkan dengan indikator kinerja tambahan yang berlaku di UPPS berdasarkan standar pendidikan tinggi yang ditetapkan perguruan tinggi pada tiap kriteria.&nbsp;</p>','pelampauan SNDIKTI',1,'2026-04-15 17:25:13','2026-04-15 17:25:13');
INSERT INTO `standards` (`id`, `nomor`, `deskriptor`, `keywords`, `cycles_id`, `created_at`, `updated_at`) VALUES (17,'11','<p>&nbsp;Analisis keberhasilan dan/atau ketidakberhasilan pencapaian kinerja UPPS yang telah ditetapkan di tiap kriteria memenuhi 2 aspek sebagai berikut: 1) capaian kinerja diukur dengan metoda yang tepat, dan hasilnya dianalisis serta dievaluasi, dan 2) analisis terhadap capaian kinerja mencakup identifikasi akar masalah, faktor pendukung keberhasilan dan faktor penghambat ketercapaian standard, dan deskripsi singkat tindak lanjut yang akan dilakukan.&nbsp;</p>','analisis capaian kinerja',1,'2026-04-15 17:25:31','2026-04-15 17:25:31');
INSERT INTO `standards` (`id`, `nomor`, `deskriptor`, `keywords`, `cycles_id`, `created_at`, `updated_at`) VALUES (18,'12','<p>&nbsp;Keterlaksanaan Sistem Penjaminan MutuInternal (akademik dan nonakademik) yang dibuktikan dengan keberadaan 5 aspek: 1) dokumen legal pembentukan unsur pelaksana penjaminan mutu. 2) ketersediaan dokumen mutu: kebijakan SPMI, manual SPMI, standar SPMI, dan formulir SPMI. 3) terlaksananya siklus penjaminan mutu (siklus PPEPP) 4) bukti sahih efektivitas pelaksanaan penjaminan mutu. 5) memiliki external benchmarking dalampeningkatan mutu.&nbsp;</p>','Keterlaksanaan SPMI',1,'2026-04-15 17:25:52','2026-04-15 17:25:52');
INSERT INTO `standards` (`id`, `nomor`, `deskriptor`, `keywords`, `cycles_id`, `created_at`, `updated_at`) VALUES (19,'13','<p>&nbsp;Pengukuran kepuasan para pemangku kepentingan(mahasiswa, dosen, tenaga kependidikan, lulusan, pengguna, mitra industri, dan mitra lainnya) terhadap layanan manajemen, yang memenuhi aspekaspek berikut: 1) menggunakan instrumen kepuasan yang sahih, andal, mudah digunakan, 2) dilaksanakan secara berkala, serta datanya terekam secara komprehensif, 3) dianalisis dengan metode yang tepat serta bermanfaat untuk pengambilan keputusan, 4) tingkat kepuasan dan umpan balik ditindaklanjuti untuk perbaikan dan peningkatan mutu luaran secara berkala dan tersistem. 5) dilakukan review terhadap pelaksanaan pengukuran kepuasan dosen dan mahasiswa, serta 6) hasilnya dipublikasikan dan mudah diakses oleh dosen dan mahasiswa&nbsp;</p>','Pengukuran kepuasan pemangku kepentingan',1,'2026-04-15 17:26:20','2026-04-15 17:26:20');
INSERT INTO `standards` (`id`, `nomor`, `deskriptor`, `keywords`, `cycles_id`, `created_at`, `updated_at`) VALUES (20,'14','<p>&nbsp;Metoda rekrutmen dan keketatan seleksi.&nbsp;</p>','metode seleksi mahasiswa',1,'2026-04-15 17:26:35','2026-04-15 17:26:35');
INSERT INTO `standards` (`id`, `nomor`, `deskriptor`, `keywords`, `cycles_id`, `created_at`, `updated_at`) VALUES (21,'15','<p>&nbsp;A. Peningkatan animo calon mahasiswa.&nbsp;</p><p>&nbsp;B. Mahasiswa asing&nbsp;</p>','animo calon mahasiswa,jumlah mahasiswa asing',1,'2026-04-15 17:27:12','2026-04-15 17:27:12');
INSERT INTO `standards` (`id`, `nomor`, `deskriptor`, `keywords`, `cycles_id`, `created_at`, `updated_at`) VALUES (22,'16','<p>&nbsp;A. Ketersediaan layanan kemahasiswaan di bidang:&nbsp;</p><p>&nbsp;B. Akses dan mutu layanan kemahasiswaan.&nbsp;</p>','layanan kemahasiswaan,akses dan mutu layanan',1,'2026-04-15 17:28:00','2026-04-15 17:28:00');
INSERT INTO `standards` (`id`, `nomor`, `deskriptor`, `keywords`, `cycles_id`, `created_at`, `updated_at`) VALUES (23,'17','<p>&nbsp;Kecukupan jumlah DTPS.&nbsp;</p>','Kecukupan jumlah DTPS',1,'2026-04-15 17:28:25','2026-04-15 17:28:25');
INSERT INTO `standards` (`id`, `nomor`, `deskriptor`, `keywords`, `cycles_id`, `created_at`, `updated_at`) VALUES (24,'18','<p>&nbsp;Kualifikasi akademik DTPS.&nbsp;</p>','Kualifikasi akademik DTPS',1,'2026-04-15 17:33:43','2026-04-15 17:33:43');
INSERT INTO `standards` (`id`, `nomor`, `deskriptor`, `keywords`, `cycles_id`, `created_at`, `updated_at`) VALUES (25,'19','<p>&nbsp;Jabatan akademik DTPS.&nbsp;</p>','Jabatan akademik DTPS.',1,'2026-04-15 17:34:19','2026-04-15 17:34:19');
INSERT INTO `standards` (`id`, `nomor`, `deskriptor`, `keywords`, `cycles_id`, `created_at`, `updated_at`) VALUES (26,'20','<p>&nbsp;Rasio jumlah mahasiswa program studi terhadap jumlah DTPS.&nbsp;</p>','Rasio mahasiswa per DTPS.',1,'2026-04-15 17:34:40','2026-04-15 17:34:40');
INSERT INTO `standards` (`id`, `nomor`, `deskriptor`, `keywords`, `cycles_id`, `created_at`, `updated_at`) VALUES (27,'20','<p>&nbsp;Penugasan DTPS sebagai pembimbing utama tugas akhir mahasiswa&nbsp;</p>','pembimbing utama skripss',1,'2026-04-15 17:34:57','2026-04-15 17:34:57');
INSERT INTO `standards` (`id`, `nomor`, `deskriptor`, `keywords`, `cycles_id`, `created_at`, `updated_at`) VALUES (28,'22','<p>&nbsp;Ekuivalensi Waktu Mengajar Penuh DTPS.&nbsp;</p>','EWMP',1,'2026-04-15 17:35:11','2026-04-15 17:35:11');
INSERT INTO `standards` (`id`, `nomor`, `deskriptor`, `keywords`, `cycles_id`, `created_at`, `updated_at`) VALUES (29,'23','<p>&nbsp;Dosen tidak tetap.&nbsp;</p>','Dosen tidak tetap.',1,'2026-04-15 17:35:41','2026-04-15 17:35:41');
INSERT INTO `standards` (`id`, `nomor`, `deskriptor`, `keywords`, `cycles_id`, `created_at`, `updated_at`) VALUES (30,'24','<p>&nbsp;Pengakuan/rekognisi atas kepakaran/prestasi/kiner ja DTPS&nbsp;</p>','rekognisi DTPS',1,'2026-04-15 17:35:59','2026-04-15 17:35:59');
INSERT INTO `standards` (`id`, `nomor`, `deskriptor`, `keywords`, `cycles_id`, `created_at`, `updated_at`) VALUES (31,'25','<p>&nbsp;Kegiatan penelitian DTPS yang relevan dengan bidang program studi dalam 3 tahun terakhir.&nbsp;</p>','Penelitian DTPS',1,'2026-04-15 17:36:22','2026-04-15 17:36:22');
INSERT INTO `standards` (`id`, `nomor`, `deskriptor`, `keywords`, `cycles_id`, `created_at`, `updated_at`) VALUES (32,'26','<p>&nbsp;Kegiatan PkM DTPS yang relevan dengan bidang program studi dalam 3 tahun terakhir.&nbsp;</p>','PkM DTPS',1,'2026-04-15 17:36:43','2026-04-15 17:36:43');
INSERT INTO `standards` (`id`, `nomor`, `deskriptor`, `keywords`, `cycles_id`, `created_at`, `updated_at`) VALUES (33,'27','<p>&nbsp;Publikasi ilmiah dengan tema yang relevan dengan bidang program studi yang dihasilkan DTPS dalam 3 tahun terakhir.&nbsp;</p>','Publikasi DTPS',1,'2026-04-15 18:00:21','2026-04-15 18:00:21');
INSERT INTO `standards` (`id`, `nomor`, `deskriptor`, `keywords`, `cycles_id`, `created_at`, `updated_at`) VALUES (34,'28','<p>&nbsp;Artikel karya ilmiah DTPS yang disitasi dalam 3 tahun terakhir.&nbsp;</p>','Sitasi karya ilmiah DTPS',1,'2026-04-15 18:16:58','2026-04-15 18:16:58');
INSERT INTO `standards` (`id`, `nomor`, `deskriptor`, `keywords`, `cycles_id`, `created_at`, `updated_at`) VALUES (35,'29','<p>&nbsp;Luaran penelitian dan PkM yang dihasilkan DTPS dalam 3 tahun terakhir.&nbsp;</p>','Luaran Penelitian dan PkM',1,'2026-04-15 18:17:14','2026-04-15 18:17:14');
INSERT INTO `standards` (`id`, `nomor`, `deskriptor`, `keywords`, `cycles_id`, `created_at`, `updated_at`) VALUES (36,'30','<p>&nbsp;Upaya pengembangan dosen.&nbsp;</p>','Upaya pengembangan dosen',1,'2026-04-15 18:17:29','2026-04-15 18:17:29');
INSERT INTO `standards` (`id`, `nomor`, `deskriptor`, `keywords`, `cycles_id`, `created_at`, `updated_at`) VALUES (37,'31','<p>A. Kualifikasi dan kecukupan tenaga kependidikan berdasarkan jenis pekerjaannya (administrasi, pustakawan, teknisi, dll.) Penilaian kecukupan tidak hanya ditentukan oleh jumlah tenaga kependidikan, namun keberadaan dan pemanfaatan teknologi informasi dan komputer dalam proses administrasi dapat dijadikan pertimbangan untuk menilai efektifitas pekerjaan dan kebutuhan akan tenaga kependidikan.&nbsp;</p><p>&nbsp;B. Kualifikasi dan kecukupan laboran untuk mendukung proses pembelajaran sesuai dengan kebutuhan program studi.&nbsp;</p>','Kuallifikasi tendik,Kualifikasi laboran',1,'2026-04-15 18:18:01','2026-04-15 18:18:01');
INSERT INTO `standards` (`id`, `nomor`, `deskriptor`, `keywords`, `cycles_id`, `created_at`, `updated_at`) VALUES (38,'32','<p>&nbsp;Biaya operasional pendidikan.&nbsp;</p>','BOP',1,'2026-04-15 18:18:25','2026-04-15 18:18:25');
INSERT INTO `standards` (`id`, `nomor`, `deskriptor`, `keywords`, `cycles_id`, `created_at`, `updated_at`) VALUES (39,'33','<p>&nbsp;Dana penelitian DTPS.&nbsp;</p>','Dana penelitian',1,'2026-04-15 18:18:36','2026-04-15 18:18:36');
INSERT INTO `standards` (`id`, `nomor`, `deskriptor`, `keywords`, `cycles_id`, `created_at`, `updated_at`) VALUES (40,'34','<p>&nbsp;Dana pengabdian kepada masyarakat DTPS&nbsp;</p>','Dana PkM',1,'2026-04-15 18:18:56','2026-04-15 18:18:56');
INSERT INTO `standards` (`id`, `nomor`, `deskriptor`, `keywords`, `cycles_id`, `created_at`, `updated_at`) VALUES (41,'35','<p>&nbsp;Realisasi investasi (SDM, sarana dan prasarana) yang mendukung penyelenggaraan tridharma.&nbsp;</p>','Dana investasi',1,'2026-04-15 18:19:17','2026-04-15 18:19:17');
INSERT INTO `prodiattachments` (`id`, `standards_id`, `prodis_id`, `users_id`, `keterangan`, `link_bukti`, `created_at`, `updated_at`) VALUES (1,1,3,9,'Selesai','https://google.drive.com/4','2026-03-15 13:11:07','2026-03-15 13:11:07');
INSERT INTO `prodiattachments` (`id`, `standards_id`, `prodis_id`, `users_id`, `keterangan`, `link_bukti`, `created_at`, `updated_at`) VALUES (4,1,4,13,'ok','https://gdrive.com/1','2026-04-12 15:49:38','2026-04-12 15:49:38');
INSERT INTO `prodiattachments` (`id`, `standards_id`, `prodis_id`, `users_id`, `keterangan`, `link_bukti`, `created_at`, `updated_at`) VALUES (5,2,4,13,'oke','https://gdrive.com/1','2026-04-12 16:01:44','2026-04-12 16:01:44');
INSERT INTO `prodiattachments` (`id`, `standards_id`, `prodis_id`, `users_id`, `keterangan`, `link_bukti`, `created_at`, `updated_at`) VALUES (8,1,1,5,'..','https://google.drive.com/2','2026-04-16 19:52:28','2026-04-16 19:52:28');
INSERT INTO `prodiattachments` (`id`, `standards_id`, `prodis_id`, `users_id`, `keterangan`, `link_bukti`, `created_at`, `updated_at`) VALUES (9,2,1,5,'..','https://google.drive.com/4','2026-04-16 19:52:34','2026-04-16 19:52:34');
INSERT INTO `prodiattachments` (`id`, `standards_id`, `prodis_id`, `users_id`, `keterangan`, `link_bukti`, `created_at`, `updated_at`) VALUES (10,3,1,5,'..','https://google.drive.com/6','2026-04-16 19:52:39','2026-04-16 19:52:39');
INSERT INTO `prodiattachments` (`id`, `standards_id`, `prodis_id`, `users_id`, `keterangan`, `link_bukti`, `created_at`, `updated_at`) VALUES (11,4,1,5,'..','https://gdrive.com/1','2026-04-16 19:52:42','2026-04-16 19:52:42');
INSERT INTO `prodiattachments` (`id`, `standards_id`, `prodis_id`, `users_id`, `keterangan`, `link_bukti`, `created_at`, `updated_at`) VALUES (12,5,1,5,'foto, file, pdf','https://google.drive.com/8','2026-04-16 19:56:48','2026-04-16 19:56:48');
INSERT INTO `prodiattachments` (`id`, `standards_id`, `prodis_id`, `users_id`, `keterangan`, `link_bukti`, `created_at`, `updated_at`) VALUES (13,6,1,5,'foto, file, pdf','https://google.drive.com/9','2026-04-16 20:03:02','2026-04-16 20:03:02');
INSERT INTO `prodiattachments` (`id`, `standards_id`, `prodis_id`, `users_id`, `keterangan`, `link_bukti`, `created_at`, `updated_at`) VALUES (14,37,1,5,'ss','https://google.drive.com/6','2026-04-16 20:29:55','2026-04-16 20:29:55');
INSERT INTO `prodiattachments` (`id`, `standards_id`, `prodis_id`, `users_id`, `keterangan`, `link_bukti`, `created_at`, `updated_at`) VALUES (15,37,1,5,'ss','https://google.drive.com/6','2026-04-16 20:29:55','2026-04-16 20:29:55');
INSERT INTO `auditscores` (`id`, `standards_id`, `auditors_id`, `prodis_id`, `keyword_index`, `score`, `notes`, `created_at`, `updated_at`) VALUES (4,1,12,1,NULL,4,'Oke','2026-03-16 01:05:06','2026-03-17 12:24:48');
INSERT INTO `auditscores` (`id`, `standards_id`, `auditors_id`, `prodis_id`, `keyword_index`, `score`, `notes`, `created_at`, `updated_at`) VALUES (5,1,12,3,NULL,4,'oke','2026-03-17 12:14:47','2026-03-17 12:14:47');
INSERT INTO `auditscores` (`id`, `standards_id`, `auditors_id`, `prodis_id`, `keyword_index`, `score`, `notes`, `created_at`, `updated_at`) VALUES (6,2,12,1,NULL,4,'GG','2026-03-17 12:14:59','2026-03-18 14:55:22');
INSERT INTO `auditscores` (`id`, `standards_id`, `auditors_id`, `prodis_id`, `keyword_index`, `score`, `notes`, `created_at`, `updated_at`) VALUES (7,2,12,3,NULL,2,NULL,'2026-03-17 12:15:25','2026-03-17 12:16:05');
INSERT INTO `auditscores` (`id`, `standards_id`, `auditors_id`, `prodis_id`, `keyword_index`, `score`, `notes`, `created_at`, `updated_at`) VALUES (8,1,12,4,NULL,4,'ok','2026-04-12 15:50:24','2026-04-12 15:50:24');
INSERT INTO `auditscores` (`id`, `standards_id`, `auditors_id`, `prodis_id`, `keyword_index`, `score`, `notes`, `created_at`, `updated_at`) VALUES (9,2,12,4,NULL,3,NULL,'2026-04-15 15:31:18','2026-04-16 16:21:35');
INSERT INTO `auditscores` (`id`, `standards_id`, `auditors_id`, `prodis_id`, `keyword_index`, `score`, `notes`, `created_at`, `updated_at`) VALUES (10,3,12,1,NULL,4,NULL,'2026-04-15 16:36:45','2026-04-15 16:36:45');
INSERT INTO `auditscores` (`id`, `standards_id`, `auditors_id`, `prodis_id`, `keyword_index`, `score`, `notes`, `created_at`, `updated_at`) VALUES (11,4,12,1,NULL,2,NULL,'2026-04-16 02:43:46','2026-04-16 02:46:24');
INSERT INTO `auditscores` (`id`, `standards_id`, `auditors_id`, `prodis_id`, `keyword_index`, `score`, `notes`, `created_at`, `updated_at`) VALUES (12,5,12,1,NULL,4,NULL,'2026-04-16 19:59:39','2026-04-16 19:59:39');
INSERT INTO `auditscores` (`id`, `standards_id`, `auditors_id`, `prodis_id`, `keyword_index`, `score`, `notes`, `created_at`, `updated_at`) VALUES (13,37,12,1,0,2,'qq','2026-04-16 20:30:13','2026-04-16 20:30:13');
INSERT INTO `auditscores` (`id`, `standards_id`, `auditors_id`, `prodis_id`, `keyword_index`, `score`, `notes`, `created_at`, `updated_at`) VALUES (14,37,12,1,1,2,'qq','2026-04-16 20:30:13','2026-04-16 20:30:13');
INSERT INTO `nonconformities` (`id`, `kts`, `kategori`, `created_at`, `updated_at`, `standards_id`, `prodis_id`, `auditors_id`, `description`, `status`, `tindakan_perbaikan`, `alasan_penolakan`, `deadline_perbaikan`, `perbaikan_diajukan_at`, `verified_at`, `verified_by`) VALUES (7,'KTS-001','Mayor','2026-04-12 17:48:26','2026-04-12 17:48:26',NULL,NULL,NULL,NULL,'terbuka',NULL,NULL,NULL,NULL,NULL,NULL);
INSERT INTO `nonconformities` (`id`, `kts`, `kategori`, `created_at`, `updated_at`, `standards_id`, `prodis_id`, `auditors_id`, `description`, `status`, `tindakan_perbaikan`, `alasan_penolakan`, `deadline_perbaikan`, `perbaikan_diajukan_at`, `verified_at`, `verified_by`) VALUES (8,'KTS-002','Minor','2026-04-12 17:48:34','2026-04-12 17:48:34',NULL,NULL,NULL,NULL,'terbuka',NULL,NULL,NULL,NULL,NULL,NULL);
INSERT INTO `nonconformities` (`id`, `kts`, `kategori`, `created_at`, `updated_at`, `standards_id`, `prodis_id`, `auditors_id`, `description`, `status`, `tindakan_perbaikan`, `alasan_penolakan`, `deadline_perbaikan`, `perbaikan_diajukan_at`, `verified_at`, `verified_by`) VALUES (9,'KTS-003','Observasi','2026-04-12 17:48:40','2026-04-12 17:48:40',NULL,NULL,NULL,NULL,'terbuka',NULL,NULL,NULL,NULL,NULL,NULL);
INSERT INTO `roles` (`id`, `name`, `guard_name`, `created_at`, `updated_at`) VALUES (1,'super_admin','web','2025-09-02 06:45:07','2025-09-02 06:45:07');
INSERT INTO `roles` (`id`, `name`, `guard_name`, `created_at`, `updated_at`) VALUES (2,'Admin Informatika','web','2026-03-15 12:57:02','2026-03-15 13:10:16');
INSERT INTO `roles` (`id`, `name`, `guard_name`, `created_at`, `updated_at`) VALUES (3,'Admin Manajemen','web','2026-03-15 13:08:57','2026-03-15 13:08:57');
INSERT INTO `roles` (`id`, `name`, `guard_name`, `created_at`, `updated_at`) VALUES (4,'Auditor Informatika','web','2026-03-15 13:16:26','2026-03-15 13:16:26');
INSERT INTO `roles` (`id`, `name`, `guard_name`, `created_at`, `updated_at`) VALUES (5,'auditor','web','2026-03-15 13:18:45','2026-03-15 13:22:10');
INSERT INTO `roles` (`id`, `name`, `guard_name`, `created_at`, `updated_at`) VALUES (6,'Fakultas Ekonomi','web','2026-03-15 13:52:55','2026-03-15 13:52:55');
INSERT INTO `roles` (`id`, `name`, `guard_name`, `created_at`, `updated_at`) VALUES (7,'Fakultas Teknik','web','2026-03-16 01:07:32','2026-03-16 01:07:32');
INSERT INTO `roles` (`id`, `name`, `guard_name`, `created_at`, `updated_at`) VALUES (8,'Admin Mesin','web','2026-04-12 15:47:30','2026-04-12 15:47:30');
INSERT INTO `permissions` (`id`, `name`, `guard_name`, `created_at`, `updated_at`) VALUES (1,'view_auditor','web','2025-09-02 06:45:10','2025-09-02 06:45:10');
INSERT INTO `permissions` (`id`, `name`, `guard_name`, `created_at`, `updated_at`) VALUES (2,'view_any_auditor','web','2025-09-02 06:45:10','2025-09-02 06:45:10');
INSERT INTO `permissions` (`id`, `name`, `guard_name`, `created_at`, `updated_at`) VALUES (3,'create_auditor','web','2025-09-02 06:45:10','2025-09-02 06:45:10');
INSERT INTO `permissions` (`id`, `name`, `guard_name`, `created_at`, `updated_at`) VALUES (4,'update_auditor','web','2025-09-02 06:45:10','2025-09-02 06:45:10');
INSERT INTO `permissions` (`id`, `name`, `guard_name`, `created_at`, `updated_at`) VALUES (5,'restore_auditor','web','2025-09-02 06:45:10','2025-09-02 06:45:10');
INSERT INTO `permissions` (`id`, `name`, `guard_name`, `created_at`, `updated_at`) VALUES (6,'restore_any_auditor','web','2025-09-02 06:45:10','2025-09-02 06:45:10');
INSERT INTO `permissions` (`id`, `name`, `guard_name`, `created_at`, `updated_at`) VALUES (7,'replicate_auditor','web','2025-09-02 06:45:10','2025-09-02 06:45:10');
INSERT INTO `permissions` (`id`, `name`, `guard_name`, `created_at`, `updated_at`) VALUES (8,'reorder_auditor','web','2025-09-02 06:45:10','2025-09-02 06:45:10');
INSERT INTO `permissions` (`id`, `name`, `guard_name`, `created_at`, `updated_at`) VALUES (9,'delete_auditor','web','2025-09-02 06:45:10','2025-09-02 06:45:10');
INSERT INTO `permissions` (`id`, `name`, `guard_name`, `created_at`, `updated_at`) VALUES (10,'delete_any_auditor','web','2025-09-02 06:45:10','2025-09-02 06:45:10');
INSERT INTO `permissions` (`id`, `name`, `guard_name`, `created_at`, `updated_at`) VALUES (11,'force_delete_auditor','web','2025-09-02 06:45:10','2025-09-02 06:45:10');
INSERT INTO `permissions` (`id`, `name`, `guard_name`, `created_at`, `updated_at`) VALUES (12,'force_delete_any_auditor','web','2025-09-02 06:45:10','2025-09-02 06:45:10');
INSERT INTO `permissions` (`id`, `name`, `guard_name`, `created_at`, `updated_at`) VALUES (13,'view_cycle','web','2025-09-02 06:45:10','2025-09-02 06:45:10');
INSERT INTO `permissions` (`id`, `name`, `guard_name`, `created_at`, `updated_at`) VALUES (14,'view_any_cycle','web','2025-09-02 06:45:10','2025-09-02 06:45:10');
INSERT INTO `permissions` (`id`, `name`, `guard_name`, `created_at`, `updated_at`) VALUES (15,'create_cycle','web','2025-09-02 06:45:10','2025-09-02 06:45:10');
INSERT INTO `permissions` (`id`, `name`, `guard_name`, `created_at`, `updated_at`) VALUES (16,'update_cycle','web','2025-09-02 06:45:10','2025-09-02 06:45:10');
INSERT INTO `permissions` (`id`, `name`, `guard_name`, `created_at`, `updated_at`) VALUES (17,'restore_cycle','web','2025-09-02 06:45:10','2025-09-02 06:45:10');
INSERT INTO `permissions` (`id`, `name`, `guard_name`, `created_at`, `updated_at`) VALUES (18,'restore_any_cycle','web','2025-09-02 06:45:10','2025-09-02 06:45:10');
INSERT INTO `permissions` (`id`, `name`, `guard_name`, `created_at`, `updated_at`) VALUES (19,'replicate_cycle','web','2025-09-02 06:45:10','2025-09-02 06:45:10');
INSERT INTO `permissions` (`id`, `name`, `guard_name`, `created_at`, `updated_at`) VALUES (20,'reorder_cycle','web','2025-09-02 06:45:10','2025-09-02 06:45:10');
INSERT INTO `permissions` (`id`, `name`, `guard_name`, `created_at`, `updated_at`) VALUES (21,'delete_cycle','web','2025-09-02 06:45:10','2025-09-02 06:45:10');
INSERT INTO `permissions` (`id`, `name`, `guard_name`, `created_at`, `updated_at`) VALUES (22,'delete_any_cycle','web','2025-09-02 06:45:10','2025-09-02 06:45:10');
INSERT INTO `permissions` (`id`, `name`, `guard_name`, `created_at`, `updated_at`) VALUES (23,'force_delete_cycle','web','2025-09-02 06:45:10','2025-09-02 06:45:10');
INSERT INTO `permissions` (`id`, `name`, `guard_name`, `created_at`, `updated_at`) VALUES (24,'force_delete_any_cycle','web','2025-09-02 06:45:10','2025-09-02 06:45:10');
INSERT INTO `permissions` (`id`, `name`, `guard_name`, `created_at`, `updated_at`) VALUES (25,'view_faculty','web','2025-09-02 06:45:10','2025-09-02 06:45:10');
INSERT INTO `permissions` (`id`, `name`, `guard_name`, `created_at`, `updated_at`) VALUES (26,'view_any_faculty','web','2025-09-02 06:45:10','2025-09-02 06:45:10');
INSERT INTO `permissions` (`id`, `name`, `guard_name`, `created_at`, `updated_at`) VALUES (27,'create_faculty','web','2025-09-02 06:45:10','2025-09-02 06:45:10');
INSERT INTO `permissions` (`id`, `name`, `guard_name`, `created_at`, `updated_at`) VALUES (28,'update_faculty','web','2025-09-02 06:45:10','2025-09-02 06:45:10');
INSERT INTO `permissions` (`id`, `name`, `guard_name`, `created_at`, `updated_at`) VALUES (29,'restore_faculty','web','2025-09-02 06:45:10','2025-09-02 06:45:10');
INSERT INTO `permissions` (`id`, `name`, `guard_name`, `created_at`, `updated_at`) VALUES (30,'restore_any_faculty','web','2025-09-02 06:45:10','2025-09-02 06:45:10');
INSERT INTO `permissions` (`id`, `name`, `guard_name`, `created_at`, `updated_at`) VALUES (31,'replicate_faculty','web','2025-09-02 06:45:10','2025-09-02 06:45:10');
INSERT INTO `permissions` (`id`, `name`, `guard_name`, `created_at`, `updated_at`) VALUES (32,'reorder_faculty','web','2025-09-02 06:45:10','2025-09-02 06:45:10');
INSERT INTO `permissions` (`id`, `name`, `guard_name`, `created_at`, `updated_at`) VALUES (33,'delete_faculty','web','2025-09-02 06:45:10','2025-09-02 06:45:10');
INSERT INTO `permissions` (`id`, `name`, `guard_name`, `created_at`, `updated_at`) VALUES (34,'delete_any_faculty','web','2025-09-02 06:45:10','2025-09-02 06:45:10');
INSERT INTO `permissions` (`id`, `name`, `guard_name`, `created_at`, `updated_at`) VALUES (35,'force_delete_faculty','web','2025-09-02 06:45:10','2025-09-02 06:45:10');
INSERT INTO `permissions` (`id`, `name`, `guard_name`, `created_at`, `updated_at`) VALUES (36,'force_delete_any_faculty','web','2025-09-02 06:45:10','2025-09-02 06:45:10');
INSERT INTO `permissions` (`id`, `name`, `guard_name`, `created_at`, `updated_at`) VALUES (37,'view_nonconformity','web','2025-09-02 06:45:10','2025-09-02 06:45:10');
INSERT INTO `permissions` (`id`, `name`, `guard_name`, `created_at`, `updated_at`) VALUES (38,'view_any_nonconformity','web','2025-09-02 06:45:10','2025-09-02 06:45:10');
INSERT INTO `permissions` (`id`, `name`, `guard_name`, `created_at`, `updated_at`) VALUES (39,'create_nonconformity','web','2025-09-02 06:45:10','2025-09-02 06:45:10');
INSERT INTO `permissions` (`id`, `name`, `guard_name`, `created_at`, `updated_at`) VALUES (40,'update_nonconformity','web','2025-09-02 06:45:10','2025-09-02 06:45:10');
INSERT INTO `permissions` (`id`, `name`, `guard_name`, `created_at`, `updated_at`) VALUES (41,'restore_nonconformity','web','2025-09-02 06:45:10','2025-09-02 06:45:10');
INSERT INTO `permissions` (`id`, `name`, `guard_name`, `created_at`, `updated_at`) VALUES (42,'restore_any_nonconformity','web','2025-09-02 06:45:10','2025-09-02 06:45:10');
INSERT INTO `permissions` (`id`, `name`, `guard_name`, `created_at`, `updated_at`) VALUES (43,'replicate_nonconformity','web','2025-09-02 06:45:10','2025-09-02 06:45:10');
INSERT INTO `permissions` (`id`, `name`, `guard_name`, `created_at`, `updated_at`) VALUES (44,'reorder_nonconformity','web','2025-09-02 06:45:10','2025-09-02 06:45:10');
INSERT INTO `permissions` (`id`, `name`, `guard_name`, `created_at`, `updated_at`) VALUES (45,'delete_nonconformity','web','2025-09-02 06:45:10','2025-09-02 06:45:10');
INSERT INTO `permissions` (`id`, `name`, `guard_name`, `created_at`, `updated_at`) VALUES (46,'delete_any_nonconformity','web','2025-09-02 06:45:10','2025-09-02 06:45:10');
INSERT INTO `permissions` (`id`, `name`, `guard_name`, `created_at`, `updated_at`) VALUES (47,'force_delete_nonconformity','web','2025-09-02 06:45:10','2025-09-02 06:45:10');
INSERT INTO `permissions` (`id`, `name`, `guard_name`, `created_at`, `updated_at`) VALUES (48,'force_delete_any_nonconformity','web','2025-09-02 06:45:10','2025-09-02 06:45:10');
INSERT INTO `permissions` (`id`, `name`, `guard_name`, `created_at`, `updated_at`) VALUES (49,'view_prodi','web','2025-09-02 06:45:10','2025-09-02 06:45:10');
INSERT INTO `permissions` (`id`, `name`, `guard_name`, `created_at`, `updated_at`) VALUES (50,'view_any_prodi','web','2025-09-02 06:45:10','2025-09-02 06:45:10');
INSERT INTO `permissions` (`id`, `name`, `guard_name`, `created_at`, `updated_at`) VALUES (51,'create_prodi','web','2025-09-02 06:45:10','2025-09-02 06:45:10');
INSERT INTO `permissions` (`id`, `name`, `guard_name`, `created_at`, `updated_at`) VALUES (52,'update_prodi','web','2025-09-02 06:45:10','2025-09-02 06:45:10');
INSERT INTO `permissions` (`id`, `name`, `guard_name`, `created_at`, `updated_at`) VALUES (53,'restore_prodi','web','2025-09-02 06:45:10','2025-09-02 06:45:10');
INSERT INTO `permissions` (`id`, `name`, `guard_name`, `created_at`, `updated_at`) VALUES (54,'restore_any_prodi','web','2025-09-02 06:45:10','2025-09-02 06:45:10');
INSERT INTO `permissions` (`id`, `name`, `guard_name`, `created_at`, `updated_at`) VALUES (55,'replicate_prodi','web','2025-09-02 06:45:10','2025-09-02 06:45:10');
INSERT INTO `permissions` (`id`, `name`, `guard_name`, `created_at`, `updated_at`) VALUES (56,'reorder_prodi','web','2025-09-02 06:45:10','2025-09-02 06:45:10');
INSERT INTO `permissions` (`id`, `name`, `guard_name`, `created_at`, `updated_at`) VALUES (57,'delete_prodi','web','2025-09-02 06:45:10','2025-09-02 06:45:10');
INSERT INTO `permissions` (`id`, `name`, `guard_name`, `created_at`, `updated_at`) VALUES (58,'delete_any_prodi','web','2025-09-02 06:45:10','2025-09-02 06:45:10');
INSERT INTO `permissions` (`id`, `name`, `guard_name`, `created_at`, `updated_at`) VALUES (59,'force_delete_prodi','web','2025-09-02 06:45:10','2025-09-02 06:45:10');
INSERT INTO `permissions` (`id`, `name`, `guard_name`, `created_at`, `updated_at`) VALUES (60,'force_delete_any_prodi','web','2025-09-02 06:45:10','2025-09-02 06:45:10');
INSERT INTO `permissions` (`id`, `name`, `guard_name`, `created_at`, `updated_at`) VALUES (61,'view_prodiattachment','web','2025-09-02 06:45:10','2025-09-02 06:45:10');
INSERT INTO `permissions` (`id`, `name`, `guard_name`, `created_at`, `updated_at`) VALUES (62,'view_any_prodiattachment','web','2025-09-02 06:45:10','2025-09-02 06:45:10');
INSERT INTO `permissions` (`id`, `name`, `guard_name`, `created_at`, `updated_at`) VALUES (63,'create_prodiattachment','web','2025-09-02 06:45:10','2025-09-02 06:45:10');
INSERT INTO `permissions` (`id`, `name`, `guard_name`, `created_at`, `updated_at`) VALUES (64,'update_prodiattachment','web','2025-09-02 06:45:10','2025-09-02 06:45:10');
INSERT INTO `permissions` (`id`, `name`, `guard_name`, `created_at`, `updated_at`) VALUES (65,'restore_prodiattachment','web','2025-09-02 06:45:10','2025-09-02 06:45:10');
INSERT INTO `permissions` (`id`, `name`, `guard_name`, `created_at`, `updated_at`) VALUES (66,'restore_any_prodiattachment','web','2025-09-02 06:45:10','2025-09-02 06:45:10');
INSERT INTO `permissions` (`id`, `name`, `guard_name`, `created_at`, `updated_at`) VALUES (67,'replicate_prodiattachment','web','2025-09-02 06:45:10','2025-09-02 06:45:10');
INSERT INTO `permissions` (`id`, `name`, `guard_name`, `created_at`, `updated_at`) VALUES (68,'reorder_prodiattachment','web','2025-09-02 06:45:10','2025-09-02 06:45:10');
INSERT INTO `permissions` (`id`, `name`, `guard_name`, `created_at`, `updated_at`) VALUES (69,'delete_prodiattachment','web','2025-09-02 06:45:10','2025-09-02 06:45:10');
INSERT INTO `permissions` (`id`, `name`, `guard_name`, `created_at`, `updated_at`) VALUES (70,'delete_any_prodiattachment','web','2025-09-02 06:45:10','2025-09-02 06:45:10');
INSERT INTO `permissions` (`id`, `name`, `guard_name`, `created_at`, `updated_at`) VALUES (71,'force_delete_prodiattachment','web','2025-09-02 06:45:10','2025-09-02 06:45:10');
INSERT INTO `permissions` (`id`, `name`, `guard_name`, `created_at`, `updated_at`) VALUES (72,'force_delete_any_prodiattachment','web','2025-09-02 06:45:10','2025-09-02 06:45:10');
INSERT INTO `permissions` (`id`, `name`, `guard_name`, `created_at`, `updated_at`) VALUES (73,'view_role','web','2025-09-02 06:45:10','2025-09-02 06:45:10');
INSERT INTO `permissions` (`id`, `name`, `guard_name`, `created_at`, `updated_at`) VALUES (74,'view_any_role','web','2025-09-02 06:45:10','2025-09-02 06:45:10');
INSERT INTO `permissions` (`id`, `name`, `guard_name`, `created_at`, `updated_at`) VALUES (75,'create_role','web','2025-09-02 06:45:10','2025-09-02 06:45:10');
INSERT INTO `permissions` (`id`, `name`, `guard_name`, `created_at`, `updated_at`) VALUES (76,'update_role','web','2025-09-02 06:45:10','2025-09-02 06:45:10');
INSERT INTO `permissions` (`id`, `name`, `guard_name`, `created_at`, `updated_at`) VALUES (77,'delete_role','web','2025-09-02 06:45:10','2025-09-02 06:45:10');
INSERT INTO `permissions` (`id`, `name`, `guard_name`, `created_at`, `updated_at`) VALUES (78,'delete_any_role','web','2025-09-02 06:45:10','2025-09-02 06:45:10');
INSERT INTO `permissions` (`id`, `name`, `guard_name`, `created_at`, `updated_at`) VALUES (79,'view_standard','web','2025-09-02 06:45:10','2025-09-02 06:45:10');
INSERT INTO `permissions` (`id`, `name`, `guard_name`, `created_at`, `updated_at`) VALUES (80,'view_any_standard','web','2025-09-02 06:45:10','2025-09-02 06:45:10');
INSERT INTO `permissions` (`id`, `name`, `guard_name`, `created_at`, `updated_at`) VALUES (81,'create_standard','web','2025-09-02 06:45:10','2025-09-02 06:45:10');
INSERT INTO `permissions` (`id`, `name`, `guard_name`, `created_at`, `updated_at`) VALUES (82,'update_standard','web','2025-09-02 06:45:10','2025-09-02 06:45:10');
INSERT INTO `permissions` (`id`, `name`, `guard_name`, `created_at`, `updated_at`) VALUES (83,'restore_standard','web','2025-09-02 06:45:10','2025-09-02 06:45:10');
INSERT INTO `permissions` (`id`, `name`, `guard_name`, `created_at`, `updated_at`) VALUES (84,'restore_any_standard','web','2025-09-02 06:45:10','2025-09-02 06:45:10');
INSERT INTO `permissions` (`id`, `name`, `guard_name`, `created_at`, `updated_at`) VALUES (85,'replicate_standard','web','2025-09-02 06:45:10','2025-09-02 06:45:10');
INSERT INTO `permissions` (`id`, `name`, `guard_name`, `created_at`, `updated_at`) VALUES (86,'reorder_standard','web','2025-09-02 06:45:10','2025-09-02 06:45:10');
INSERT INTO `permissions` (`id`, `name`, `guard_name`, `created_at`, `updated_at`) VALUES (87,'delete_standard','web','2025-09-02 06:45:10','2025-09-02 06:45:10');
INSERT INTO `permissions` (`id`, `name`, `guard_name`, `created_at`, `updated_at`) VALUES (88,'delete_any_standard','web','2025-09-02 06:45:10','2025-09-02 06:45:10');
INSERT INTO `permissions` (`id`, `name`, `guard_name`, `created_at`, `updated_at`) VALUES (89,'force_delete_standard','web','2025-09-02 06:45:10','2025-09-02 06:45:10');
INSERT INTO `permissions` (`id`, `name`, `guard_name`, `created_at`, `updated_at`) VALUES (90,'force_delete_any_standard','web','2025-09-02 06:45:10','2025-09-02 06:45:10');
INSERT INTO `permissions` (`id`, `name`, `guard_name`, `created_at`, `updated_at`) VALUES (91,'view_user','web','2025-09-02 06:45:10','2025-09-02 06:45:10');
INSERT INTO `permissions` (`id`, `name`, `guard_name`, `created_at`, `updated_at`) VALUES (92,'view_any_user','web','2025-09-02 06:45:10','2025-09-02 06:45:10');
INSERT INTO `permissions` (`id`, `name`, `guard_name`, `created_at`, `updated_at`) VALUES (93,'create_user','web','2025-09-02 06:45:10','2025-09-02 06:45:10');
INSERT INTO `permissions` (`id`, `name`, `guard_name`, `created_at`, `updated_at`) VALUES (94,'update_user','web','2025-09-02 06:45:10','2025-09-02 06:45:10');
INSERT INTO `permissions` (`id`, `name`, `guard_name`, `created_at`, `updated_at`) VALUES (95,'restore_user','web','2025-09-02 06:45:10','2025-09-02 06:45:10');
INSERT INTO `permissions` (`id`, `name`, `guard_name`, `created_at`, `updated_at`) VALUES (96,'restore_any_user','web','2025-09-02 06:45:10','2025-09-02 06:45:10');
INSERT INTO `permissions` (`id`, `name`, `guard_name`, `created_at`, `updated_at`) VALUES (97,'replicate_user','web','2025-09-02 06:45:10','2025-09-02 06:45:10');
INSERT INTO `permissions` (`id`, `name`, `guard_name`, `created_at`, `updated_at`) VALUES (98,'reorder_user','web','2025-09-02 06:45:10','2025-09-02 06:45:10');
INSERT INTO `permissions` (`id`, `name`, `guard_name`, `created_at`, `updated_at`) VALUES (99,'delete_user','web','2025-09-02 06:45:10','2025-09-02 06:45:10');
INSERT INTO `permissions` (`id`, `name`, `guard_name`, `created_at`, `updated_at`) VALUES (100,'delete_any_user','web','2025-09-02 06:45:10','2025-09-02 06:45:10');
INSERT INTO `permissions` (`id`, `name`, `guard_name`, `created_at`, `updated_at`) VALUES (101,'force_delete_user','web','2025-09-02 06:45:10','2025-09-02 06:45:10');
INSERT INTO `permissions` (`id`, `name`, `guard_name`, `created_at`, `updated_at`) VALUES (102,'force_delete_any_user','web','2025-09-02 06:45:10','2025-09-02 06:45:10');
INSERT INTO `permissions` (`id`, `name`, `guard_name`, `created_at`, `updated_at`) VALUES (103,'page_StandardsTable','web','2025-09-02 06:45:10','2025-09-02 06:45:10');
INSERT INTO `permissions` (`id`, `name`, `guard_name`, `created_at`, `updated_at`) VALUES (104,'widget_BlogPostsChart','web','2025-09-02 06:45:10','2025-09-02 06:45:10');
INSERT INTO `permissions` (`id`, `name`, `guard_name`, `created_at`, `updated_at`) VALUES (105,'widget_DataSemuaProdiTable','web','2025-09-02 06:45:10','2025-09-02 06:45:10');
INSERT INTO `permissions` (`id`, `name`, `guard_name`, `created_at`, `updated_at`) VALUES (106,'widget_StatsOverview','web','2025-09-02 06:45:11','2025-09-02 06:45:11');
INSERT INTO `permissions` (`id`, `name`, `guard_name`, `created_at`, `updated_at`) VALUES (107,'view_activity','web','2026-03-17 21:43:41','2026-03-17 21:43:41');
INSERT INTO `permissions` (`id`, `name`, `guard_name`, `created_at`, `updated_at`) VALUES (108,'view_any_activity','web','2026-03-17 21:43:41','2026-03-17 21:43:41');
INSERT INTO `permissions` (`id`, `name`, `guard_name`, `created_at`, `updated_at`) VALUES (109,'create_activity','web','2026-03-17 21:43:41','2026-03-17 21:43:41');
INSERT INTO `permissions` (`id`, `name`, `guard_name`, `created_at`, `updated_at`) VALUES (110,'update_activity','web','2026-03-17 21:43:41','2026-03-17 21:43:41');
INSERT INTO `permissions` (`id`, `name`, `guard_name`, `created_at`, `updated_at`) VALUES (111,'restore_activity','web','2026-03-17 21:43:41','2026-03-17 21:43:41');
INSERT INTO `permissions` (`id`, `name`, `guard_name`, `created_at`, `updated_at`) VALUES (112,'restore_any_activity','web','2026-03-17 21:43:41','2026-03-17 21:43:41');
INSERT INTO `permissions` (`id`, `name`, `guard_name`, `created_at`, `updated_at`) VALUES (113,'replicate_activity','web','2026-03-17 21:43:41','2026-03-17 21:43:41');
INSERT INTO `permissions` (`id`, `name`, `guard_name`, `created_at`, `updated_at`) VALUES (114,'reorder_activity','web','2026-03-17 21:43:41','2026-03-17 21:43:41');
INSERT INTO `permissions` (`id`, `name`, `guard_name`, `created_at`, `updated_at`) VALUES (115,'delete_activity','web','2026-03-17 21:43:41','2026-03-17 21:43:41');
INSERT INTO `permissions` (`id`, `name`, `guard_name`, `created_at`, `updated_at`) VALUES (116,'delete_any_activity','web','2026-03-17 21:43:41','2026-03-17 21:43:41');
INSERT INTO `permissions` (`id`, `name`, `guard_name`, `created_at`, `updated_at`) VALUES (117,'force_delete_activity','web','2026-03-17 21:43:41','2026-03-17 21:43:41');
INSERT INTO `permissions` (`id`, `name`, `guard_name`, `created_at`, `updated_at`) VALUES (118,'force_delete_any_activity','web','2026-03-17 21:43:41','2026-03-17 21:43:41');
INSERT INTO `permissions` (`id`, `name`, `guard_name`, `created_at`, `updated_at`) VALUES (119,'page_MultiCycleComparison','web','2026-03-17 21:43:41','2026-03-17 21:43:41');
INSERT INTO `permissions` (`id`, `name`, `guard_name`, `created_at`, `updated_at`) VALUES (120,'widget_StatusKelengkapanWidget','web','2026-03-17 21:43:41','2026-03-17 21:43:41');
INSERT INTO `permissions` (`id`, `name`, `guard_name`, `created_at`, `updated_at`) VALUES (121,'page_AuditorKts','web','2026-04-12 16:05:43','2026-04-12 16:05:43');
INSERT INTO `permissions` (`id`, `name`, `guard_name`, `created_at`, `updated_at`) VALUES (122,'page_ProdiKts','web','2026-04-12 16:05:43','2026-04-12 16:05:43');
INSERT INTO `permissions` (`id`, `name`, `guard_name`, `created_at`, `updated_at`) VALUES (123,'widget_WelcomeWidget','web','2026-04-12 16:05:43','2026-04-12 16:05:43');
INSERT INTO `permissions` (`id`, `name`, `guard_name`, `created_at`, `updated_at`) VALUES (124,'page_Analitik','web','2026-04-15 15:07:04','2026-04-15 15:07:04');
INSERT INTO `permissions` (`id`, `name`, `guard_name`, `created_at`, `updated_at`) VALUES (125,'view_berkas::auditor','web','2026-04-17 14:02:55','2026-04-17 14:02:55');
INSERT INTO `permissions` (`id`, `name`, `guard_name`, `created_at`, `updated_at`) VALUES (126,'view_any_berkas::auditor','web','2026-04-17 14:02:55','2026-04-17 14:02:55');
INSERT INTO `permissions` (`id`, `name`, `guard_name`, `created_at`, `updated_at`) VALUES (127,'create_berkas::auditor','web','2026-04-17 14:02:55','2026-04-17 14:02:55');
INSERT INTO `permissions` (`id`, `name`, `guard_name`, `created_at`, `updated_at`) VALUES (128,'update_berkas::auditor','web','2026-04-17 14:02:55','2026-04-17 14:02:55');
INSERT INTO `permissions` (`id`, `name`, `guard_name`, `created_at`, `updated_at`) VALUES (129,'restore_berkas::auditor','web','2026-04-17 14:02:55','2026-04-17 14:02:55');
INSERT INTO `permissions` (`id`, `name`, `guard_name`, `created_at`, `updated_at`) VALUES (130,'restore_any_berkas::auditor','web','2026-04-17 14:02:55','2026-04-17 14:02:55');
INSERT INTO `permissions` (`id`, `name`, `guard_name`, `created_at`, `updated_at`) VALUES (131,'replicate_berkas::auditor','web','2026-04-17 14:02:55','2026-04-17 14:02:55');
INSERT INTO `permissions` (`id`, `name`, `guard_name`, `created_at`, `updated_at`) VALUES (132,'reorder_berkas::auditor','web','2026-04-17 14:02:55','2026-04-17 14:02:55');
INSERT INTO `permissions` (`id`, `name`, `guard_name`, `created_at`, `updated_at`) VALUES (133,'delete_berkas::auditor','web','2026-04-17 14:02:55','2026-04-17 14:02:55');
INSERT INTO `permissions` (`id`, `name`, `guard_name`, `created_at`, `updated_at`) VALUES (134,'delete_any_berkas::auditor','web','2026-04-17 14:02:55','2026-04-17 14:02:55');
INSERT INTO `permissions` (`id`, `name`, `guard_name`, `created_at`, `updated_at`) VALUES (135,'force_delete_berkas::auditor','web','2026-04-17 14:02:55','2026-04-17 14:02:55');
INSERT INTO `permissions` (`id`, `name`, `guard_name`, `created_at`, `updated_at`) VALUES (136,'force_delete_any_berkas::auditor','web','2026-04-17 14:02:55','2026-04-17 14:02:55');
INSERT INTO `permissions` (`id`, `name`, `guard_name`, `created_at`, `updated_at`) VALUES (137,'view_berkas::prodi','web','2026-04-17 14:02:55','2026-04-17 14:02:55');
INSERT INTO `permissions` (`id`, `name`, `guard_name`, `created_at`, `updated_at`) VALUES (138,'view_any_berkas::prodi','web','2026-04-17 14:02:55','2026-04-17 14:02:55');
INSERT INTO `permissions` (`id`, `name`, `guard_name`, `created_at`, `updated_at`) VALUES (139,'create_berkas::prodi','web','2026-04-17 14:02:55','2026-04-17 14:02:55');
INSERT INTO `permissions` (`id`, `name`, `guard_name`, `created_at`, `updated_at`) VALUES (140,'update_berkas::prodi','web','2026-04-17 14:02:55','2026-04-17 14:02:55');
INSERT INTO `permissions` (`id`, `name`, `guard_name`, `created_at`, `updated_at`) VALUES (141,'restore_berkas::prodi','web','2026-04-17 14:02:55','2026-04-17 14:02:55');
INSERT INTO `permissions` (`id`, `name`, `guard_name`, `created_at`, `updated_at`) VALUES (142,'restore_any_berkas::prodi','web','2026-04-17 14:02:55','2026-04-17 14:02:55');
INSERT INTO `permissions` (`id`, `name`, `guard_name`, `created_at`, `updated_at`) VALUES (143,'replicate_berkas::prodi','web','2026-04-17 14:02:55','2026-04-17 14:02:55');
INSERT INTO `permissions` (`id`, `name`, `guard_name`, `created_at`, `updated_at`) VALUES (144,'reorder_berkas::prodi','web','2026-04-17 14:02:55','2026-04-17 14:02:55');
INSERT INTO `permissions` (`id`, `name`, `guard_name`, `created_at`, `updated_at`) VALUES (145,'delete_berkas::prodi','web','2026-04-17 14:02:55','2026-04-17 14:02:55');
INSERT INTO `permissions` (`id`, `name`, `guard_name`, `created_at`, `updated_at`) VALUES (146,'delete_any_berkas::prodi','web','2026-04-17 14:02:55','2026-04-17 14:02:55');
INSERT INTO `permissions` (`id`, `name`, `guard_name`, `created_at`, `updated_at`) VALUES (147,'force_delete_berkas::prodi','web','2026-04-17 14:02:55','2026-04-17 14:02:55');
INSERT INTO `permissions` (`id`, `name`, `guard_name`, `created_at`, `updated_at`) VALUES (148,'force_delete_any_berkas::prodi','web','2026-04-17 14:02:55','2026-04-17 14:02:55');
INSERT INTO `permissions` (`id`, `name`, `guard_name`, `created_at`, `updated_at`) VALUES (149,'page_BerkasAuditor','web','2026-04-17 14:02:55','2026-04-17 14:02:55');
INSERT INTO `permissions` (`id`, `name`, `guard_name`, `created_at`, `updated_at`) VALUES (150,'page_BerkasProdi','web','2026-04-17 14:02:55','2026-04-17 14:02:55');
INSERT INTO `model_has_roles` (`role_id`, `model_type`, `model_id`) VALUES (1,'App\\Models\\User',1);
INSERT INTO `model_has_roles` (`role_id`, `model_type`, `model_id`) VALUES (7,'App\\Models\\User',3);
INSERT INTO `model_has_roles` (`role_id`, `model_type`, `model_id`) VALUES (6,'App\\Models\\User',4);
INSERT INTO `model_has_roles` (`role_id`, `model_type`, `model_id`) VALUES (2,'App\\Models\\User',5);
INSERT INTO `model_has_roles` (`role_id`, `model_type`, `model_id`) VALUES (3,'App\\Models\\User',9);
INSERT INTO `model_has_roles` (`role_id`, `model_type`, `model_id`) VALUES (5,'App\\Models\\User',12);
INSERT INTO `model_has_roles` (`role_id`, `model_type`, `model_id`) VALUES (8,'App\\Models\\User',13);
INSERT INTO `role_has_permissions` (`permission_id`, `role_id`) VALUES (1,1);
INSERT INTO `role_has_permissions` (`permission_id`, `role_id`) VALUES (2,1);
INSERT INTO `role_has_permissions` (`permission_id`, `role_id`) VALUES (3,1);
INSERT INTO `role_has_permissions` (`permission_id`, `role_id`) VALUES (4,1);
INSERT INTO `role_has_permissions` (`permission_id`, `role_id`) VALUES (5,1);
INSERT INTO `role_has_permissions` (`permission_id`, `role_id`) VALUES (6,1);
INSERT INTO `role_has_permissions` (`permission_id`, `role_id`) VALUES (7,1);
INSERT INTO `role_has_permissions` (`permission_id`, `role_id`) VALUES (8,1);
INSERT INTO `role_has_permissions` (`permission_id`, `role_id`) VALUES (9,1);
INSERT INTO `role_has_permissions` (`permission_id`, `role_id`) VALUES (10,1);
INSERT INTO `role_has_permissions` (`permission_id`, `role_id`) VALUES (11,1);
INSERT INTO `role_has_permissions` (`permission_id`, `role_id`) VALUES (12,1);
INSERT INTO `role_has_permissions` (`permission_id`, `role_id`) VALUES (13,1);
INSERT INTO `role_has_permissions` (`permission_id`, `role_id`) VALUES (14,1);
INSERT INTO `role_has_permissions` (`permission_id`, `role_id`) VALUES (15,1);
INSERT INTO `role_has_permissions` (`permission_id`, `role_id`) VALUES (16,1);
INSERT INTO `role_has_permissions` (`permission_id`, `role_id`) VALUES (17,1);
INSERT INTO `role_has_permissions` (`permission_id`, `role_id`) VALUES (18,1);
INSERT INTO `role_has_permissions` (`permission_id`, `role_id`) VALUES (19,1);
INSERT INTO `role_has_permissions` (`permission_id`, `role_id`) VALUES (20,1);
INSERT INTO `role_has_permissions` (`permission_id`, `role_id`) VALUES (21,1);
INSERT INTO `role_has_permissions` (`permission_id`, `role_id`) VALUES (22,1);
INSERT INTO `role_has_permissions` (`permission_id`, `role_id`) VALUES (23,1);
INSERT INTO `role_has_permissions` (`permission_id`, `role_id`) VALUES (24,1);
INSERT INTO `role_has_permissions` (`permission_id`, `role_id`) VALUES (25,1);
INSERT INTO `role_has_permissions` (`permission_id`, `role_id`) VALUES (26,1);
INSERT INTO `role_has_permissions` (`permission_id`, `role_id`) VALUES (27,1);
INSERT INTO `role_has_permissions` (`permission_id`, `role_id`) VALUES (28,1);
INSERT INTO `role_has_permissions` (`permission_id`, `role_id`) VALUES (29,1);
INSERT INTO `role_has_permissions` (`permission_id`, `role_id`) VALUES (30,1);
INSERT INTO `role_has_permissions` (`permission_id`, `role_id`) VALUES (31,1);
INSERT INTO `role_has_permissions` (`permission_id`, `role_id`) VALUES (32,1);
INSERT INTO `role_has_permissions` (`permission_id`, `role_id`) VALUES (33,1);
INSERT INTO `role_has_permissions` (`permission_id`, `role_id`) VALUES (34,1);
INSERT INTO `role_has_permissions` (`permission_id`, `role_id`) VALUES (35,1);
INSERT INTO `role_has_permissions` (`permission_id`, `role_id`) VALUES (36,1);
INSERT INTO `role_has_permissions` (`permission_id`, `role_id`) VALUES (37,1);
INSERT INTO `role_has_permissions` (`permission_id`, `role_id`) VALUES (38,1);
INSERT INTO `role_has_permissions` (`permission_id`, `role_id`) VALUES (39,1);
INSERT INTO `role_has_permissions` (`permission_id`, `role_id`) VALUES (40,1);
INSERT INTO `role_has_permissions` (`permission_id`, `role_id`) VALUES (41,1);
INSERT INTO `role_has_permissions` (`permission_id`, `role_id`) VALUES (42,1);
INSERT INTO `role_has_permissions` (`permission_id`, `role_id`) VALUES (43,1);
INSERT INTO `role_has_permissions` (`permission_id`, `role_id`) VALUES (44,1);
INSERT INTO `role_has_permissions` (`permission_id`, `role_id`) VALUES (45,1);
INSERT INTO `role_has_permissions` (`permission_id`, `role_id`) VALUES (46,1);
INSERT INTO `role_has_permissions` (`permission_id`, `role_id`) VALUES (47,1);
INSERT INTO `role_has_permissions` (`permission_id`, `role_id`) VALUES (48,1);
INSERT INTO `role_has_permissions` (`permission_id`, `role_id`) VALUES (49,1);
INSERT INTO `role_has_permissions` (`permission_id`, `role_id`) VALUES (50,1);
INSERT INTO `role_has_permissions` (`permission_id`, `role_id`) VALUES (51,1);
INSERT INTO `role_has_permissions` (`permission_id`, `role_id`) VALUES (52,1);
INSERT INTO `role_has_permissions` (`permission_id`, `role_id`) VALUES (53,1);
INSERT INTO `role_has_permissions` (`permission_id`, `role_id`) VALUES (54,1);
INSERT INTO `role_has_permissions` (`permission_id`, `role_id`) VALUES (55,1);
INSERT INTO `role_has_permissions` (`permission_id`, `role_id`) VALUES (56,1);
INSERT INTO `role_has_permissions` (`permission_id`, `role_id`) VALUES (57,1);
INSERT INTO `role_has_permissions` (`permission_id`, `role_id`) VALUES (58,1);
INSERT INTO `role_has_permissions` (`permission_id`, `role_id`) VALUES (59,1);
INSERT INTO `role_has_permissions` (`permission_id`, `role_id`) VALUES (60,1);
INSERT INTO `role_has_permissions` (`permission_id`, `role_id`) VALUES (73,1);
INSERT INTO `role_has_permissions` (`permission_id`, `role_id`) VALUES (74,1);
INSERT INTO `role_has_permissions` (`permission_id`, `role_id`) VALUES (75,1);
INSERT INTO `role_has_permissions` (`permission_id`, `role_id`) VALUES (76,1);
INSERT INTO `role_has_permissions` (`permission_id`, `role_id`) VALUES (77,1);
INSERT INTO `role_has_permissions` (`permission_id`, `role_id`) VALUES (78,1);
INSERT INTO `role_has_permissions` (`permission_id`, `role_id`) VALUES (79,1);
INSERT INTO `role_has_permissions` (`permission_id`, `role_id`) VALUES (80,1);
INSERT INTO `role_has_permissions` (`permission_id`, `role_id`) VALUES (81,1);
INSERT INTO `role_has_permissions` (`permission_id`, `role_id`) VALUES (82,1);
INSERT INTO `role_has_permissions` (`permission_id`, `role_id`) VALUES (83,1);
INSERT INTO `role_has_permissions` (`permission_id`, `role_id`) VALUES (84,1);
INSERT INTO `role_has_permissions` (`permission_id`, `role_id`) VALUES (85,1);
INSERT INTO `role_has_permissions` (`permission_id`, `role_id`) VALUES (86,1);
INSERT INTO `role_has_permissions` (`permission_id`, `role_id`) VALUES (87,1);
INSERT INTO `role_has_permissions` (`permission_id`, `role_id`) VALUES (88,1);
INSERT INTO `role_has_permissions` (`permission_id`, `role_id`) VALUES (89,1);
INSERT INTO `role_has_permissions` (`permission_id`, `role_id`) VALUES (90,1);
INSERT INTO `role_has_permissions` (`permission_id`, `role_id`) VALUES (91,1);
INSERT INTO `role_has_permissions` (`permission_id`, `role_id`) VALUES (92,1);
INSERT INTO `role_has_permissions` (`permission_id`, `role_id`) VALUES (93,1);
INSERT INTO `role_has_permissions` (`permission_id`, `role_id`) VALUES (94,1);
INSERT INTO `role_has_permissions` (`permission_id`, `role_id`) VALUES (95,1);
INSERT INTO `role_has_permissions` (`permission_id`, `role_id`) VALUES (96,1);
INSERT INTO `role_has_permissions` (`permission_id`, `role_id`) VALUES (97,1);
INSERT INTO `role_has_permissions` (`permission_id`, `role_id`) VALUES (98,1);
INSERT INTO `role_has_permissions` (`permission_id`, `role_id`) VALUES (99,1);
INSERT INTO `role_has_permissions` (`permission_id`, `role_id`) VALUES (100,1);
INSERT INTO `role_has_permissions` (`permission_id`, `role_id`) VALUES (101,1);
INSERT INTO `role_has_permissions` (`permission_id`, `role_id`) VALUES (102,1);
INSERT INTO `role_has_permissions` (`permission_id`, `role_id`) VALUES (103,1);
INSERT INTO `role_has_permissions` (`permission_id`, `role_id`) VALUES (106,1);
INSERT INTO `role_has_permissions` (`permission_id`, `role_id`) VALUES (119,1);
INSERT INTO `role_has_permissions` (`permission_id`, `role_id`) VALUES (120,1);
INSERT INTO `role_has_permissions` (`permission_id`, `role_id`) VALUES (123,1);
INSERT INTO `role_has_permissions` (`permission_id`, `role_id`) VALUES (124,1);
INSERT INTO `role_has_permissions` (`permission_id`, `role_id`) VALUES (125,1);
INSERT INTO `role_has_permissions` (`permission_id`, `role_id`) VALUES (126,1);
INSERT INTO `role_has_permissions` (`permission_id`, `role_id`) VALUES (127,1);
INSERT INTO `role_has_permissions` (`permission_id`, `role_id`) VALUES (128,1);
INSERT INTO `role_has_permissions` (`permission_id`, `role_id`) VALUES (129,1);
INSERT INTO `role_has_permissions` (`permission_id`, `role_id`) VALUES (130,1);
INSERT INTO `role_has_permissions` (`permission_id`, `role_id`) VALUES (131,1);
INSERT INTO `role_has_permissions` (`permission_id`, `role_id`) VALUES (132,1);
INSERT INTO `role_has_permissions` (`permission_id`, `role_id`) VALUES (133,1);
INSERT INTO `role_has_permissions` (`permission_id`, `role_id`) VALUES (134,1);
INSERT INTO `role_has_permissions` (`permission_id`, `role_id`) VALUES (135,1);
INSERT INTO `role_has_permissions` (`permission_id`, `role_id`) VALUES (136,1);
INSERT INTO `role_has_permissions` (`permission_id`, `role_id`) VALUES (137,1);
INSERT INTO `role_has_permissions` (`permission_id`, `role_id`) VALUES (138,1);
INSERT INTO `role_has_permissions` (`permission_id`, `role_id`) VALUES (139,1);
INSERT INTO `role_has_permissions` (`permission_id`, `role_id`) VALUES (140,1);
INSERT INTO `role_has_permissions` (`permission_id`, `role_id`) VALUES (141,1);
INSERT INTO `role_has_permissions` (`permission_id`, `role_id`) VALUES (142,1);
INSERT INTO `role_has_permissions` (`permission_id`, `role_id`) VALUES (143,1);
INSERT INTO `role_has_permissions` (`permission_id`, `role_id`) VALUES (144,1);
INSERT INTO `role_has_permissions` (`permission_id`, `role_id`) VALUES (145,1);
INSERT INTO `role_has_permissions` (`permission_id`, `role_id`) VALUES (146,1);
INSERT INTO `role_has_permissions` (`permission_id`, `role_id`) VALUES (147,1);
INSERT INTO `role_has_permissions` (`permission_id`, `role_id`) VALUES (148,1);
INSERT INTO `role_has_permissions` (`permission_id`, `role_id`) VALUES (149,1);
INSERT INTO `role_has_permissions` (`permission_id`, `role_id`) VALUES (150,1);
INSERT INTO `role_has_permissions` (`permission_id`, `role_id`) VALUES (103,2);
INSERT INTO `role_has_permissions` (`permission_id`, `role_id`) VALUES (122,2);
INSERT INTO `role_has_permissions` (`permission_id`, `role_id`) VALUES (103,3);
INSERT INTO `role_has_permissions` (`permission_id`, `role_id`) VALUES (122,3);
INSERT INTO `role_has_permissions` (`permission_id`, `role_id`) VALUES (103,4);
INSERT INTO `role_has_permissions` (`permission_id`, `role_id`) VALUES (103,5);
INSERT INTO `role_has_permissions` (`permission_id`, `role_id`) VALUES (121,5);
INSERT INTO `role_has_permissions` (`permission_id`, `role_id`) VALUES (103,6);
INSERT INTO `role_has_permissions` (`permission_id`, `role_id`) VALUES (103,7);
INSERT INTO `role_has_permissions` (`permission_id`, `role_id`) VALUES (103,8);
INSERT INTO `role_has_permissions` (`permission_id`, `role_id`) VALUES (122,8);
